名称,类型,网易号,,,
小8趣谈历史,旅游、萌宠、动物、科技,https://www.163.com/dy/media/T1698282564870.html,,,
旅之艺,旅游,https://mp.sohu.com/profile?xpt=MTAyNDEzMjc4MDE1MTQ2MzkzNkBzb2h1LmNvbQ==&scm=10023.20005_107-20005_107-20005_20005.0-0.0-1-0-0-0.0&spm=smpc.csrpage.suggest-list.1.17808456481398yCLbUe,,,
萌宠朋友圈,萌宠,https://www.toutiao.com/c/user/token/MS4wLjABAAAA8kkWTAtUlsO5Box84SAWxBEN5SfXO8Ktus_grplG0QX9JRG33YXkQEfbH4ipVjst/?source=mine_home,,,
萌宠之家imhd,萌宠,https://www.toutiao.com/c/user/token/MS4wLjABAAAApn7wXdZ0AVbFssWCU5hRoZ59PK6T1c4P28uiXvyhYrs/?source=mine_home,,,
狗狗鉴定家,萌宠,https://www.toutiao.com/c/user/token/MS4wLjABAAAAPJ5dyt1lUgbWTe9EFovcGQbgarZlDrZDQiopKg80yYLK7OhF93FuW5QaLSl_puRD/?source=mine_home,,,
宠物天空,萌宠,https://www.toutiao.com/c/user/token/MS4wLjABAAAAHtyqWPqa31MRgDdPXEBNDDrSgzZ9zMEqIxBHc0wFuhE/?source=mine_home&tab=article,,,
背着书包去海边,萌宠,https://www.toutiao.com/c/user/token/MS4wLjABAAAAPB1OKWZsFpwGzFMMOLcjT7Sua0DzmBQrB9E6TzCfH5A/?source=mine_home&tab=article,,,
人民文娱,明星、影视,https://www.toutiao.com/c/user/token/MS4wLjABAAAA28-daC51rOJi4_x_7wnSafKCH5xg-MvIeIuG44B6nQrcUCm9f6Jzil0GK4yZ31h8/?source=mine_home&tab=article,,,
蓓小西,明星穿搭,https://www.toutiao.com/c/user/token/MS4wLjABAAAAQ7chlfFI4AMu6E_83xmp18JgRUJyy5xGm_JMaE8QfFc/?source=mine_home,,,
喵和汪,萌宠,https://www.toutiao.com/c/user/token/MS4wLjABAAAAIcffiZq-BCn-MoXt3n9R8nOqsyxTYKwGpOmfk4HLTnk/?source=mine_home&tab=article,,,
八九不离蛇,萌宠,https://www.toutiao.com/c/user/token/MS4wLjABAAAABd6yTvvXTSH4D4ngR3fzZlvMb29ziXytae2ESNxTHoE/?source=mine_home&tab=article,,,
驴哥看世界,旅游、科技,https://www.toutiao.com/c/user/token/MS4wLjABAAAA9hfyRCGhqWwAdhcM3w-eU4D1MR5ySNLFjI4JZZAmGSk/?source=mine_home&tab=article,,,
亮视频,明星、影视,https://www.toutiao.com/c/user/token/MS4wLjABAAAAaMVNywAAIE4SfZ_oviTRmJ_7qd_g_hMQyxRlwl61U7s/?source=mine_home&tab=article,,,
小柯看世界,旅游,https://www.toutiao.com/c/user/token/MS4wLjABAAAAu6sKTU0qsxY-u-W9eXhqtwgoXTv6H44fezzKmMWScQXt1WXXu6bIFB_T6HWLObZV/?source=mine_home&tab=article,,,
风尚范儿,明星穿搭、造型,https://www.toutiao.com/c/user/token/MS4wLjABAAAAhVr1q1zrkEFx9NGd8XGbck0vRiMQnIxO3u0L4ei1els/?source=mine_home&tab=article,,,
宠物家,萌宠,https://www.toutiao.com/c/user/token/MS4wLjABAAAAU1_ieHP2APt34jREMdUdtk8Pu6PJtUqPY4i4hK-RiEIthW44d_jBGgmEgtuedsJP/?source=mine_home&tab=article,,,
汪星人的二宝,萌宠,https://www.toutiao.com/c/user/token/MS4wLjABAAAATWQ9Ki66MAJmpubq7EBDed7PXWLxpxp1PCZIuDHW0x4/?source=mine_home&tab=article,,,
半解智士,旅游、萌宠、动物、科技,https://www.toutiao.com/c/user/token/MS4wLjABAAAAScY9_mwfliME6Sh6U_zc2L3diYTMaeULkN-XKItCINk/?source=mine_home&tab=article,,,
萌兽局,萌宠,https://www.toutiao.com/c/user/token/MS4wLjABAAAAgVOgVKTmIj_ERo3BXH7iDZ1cTNhcJdvZVCmozlMFil0/?source=mine_home&tab=article,,,
萌物记,萌宠,https://www.toutiao.com/c/user/token/MS4wLjABAAAADuNeN-rFQc56-Ef-4WNmg-0tvelgLHpe17WLGjosnpk/?source=mine_home&tab=article,,,
VOGUE,明星穿搭、造型,https://news.qq.com/omn/author/8QMc2X1U5IcUuzvQ,,,
娱君坠星河,明星、影视,https://news.qq.com/omn/author/8QMc2nhc74UVvTnd?tab=om_article,,,
入骨影评,明星、影视,https://news.qq.com/omn/author/8QMd3n5d6Ycfvw%3D%3D?tab=om_article,,,
精典剧透社,明星、影视,https://news.qq.com/omn/author/8QMc339c7oYdsD7Q7wtz,,,
时尚COSMO,明星、影视,https://news.qq.com/omn/author/8QMc239U6IIfuDne,,,
娱乐硬糖,明星、影视,https://news.qq.com/omn/author/8QMd2n1e6I0Uvj%2FZ,,,
毒眸,明星、影视,https://news.qq.com/omn/author/8QMd23da64AdvDbd,,,
娱乐独角兽,明星、影视,https://news.qq.com/omn/author/8QMW2Xhe7oQZvDo%3D?tab=om_article,,,
舒心酱,明星、影视,https://news.qq.com/omn/author/8QMf3Hte6I0euzbc?tab=om_article,,,
楷威放映室,明星、影视,https://news.qq.com/omn/author/8QMf2X9Z5YEVuDc%3D,,,
同归漫游,动漫,https://news.qq.com/omn/author/8QIf3n5d7I0csDfQ5AM%3D?tab=om_article,,,
万物杂志,科技、动物、旅游,https://news.qq.com/omn/author/8QMf239b6YIYvD%2FZ,,,
人民网科普,科技、动物、旅游、美食,https://news.qq.com/omn/author/8QMX2Hde6oUbuTY%3D?tab=om_article,,,
娱乐嗑学家,明星、影视,https://news.qq.com/omn/author/8QMc339d5IQYuTnd5gF5,,,
Lee奇奥观影,影视,https://news.qq.com/omn/author/8QMc1n5b6IQfujfb?tab=om_article,,,
红星新闻,时事、明星、科技、美食、旅游、动物,https://news.qq.com/omn/author/8QMW235U5YQeuzo%3D,,,
第一滴露珠,明星、影视,https://news.qq.com/omn/author/8QMa2XtV5YUcuD0%3D?tab=om_article,,,
银河电影,影视（漫威、DC、星战等）,https://news.qq.com/omn/author/8QMd23dY74IfsD0%3D,,,
猫百科全书,萌宠猫咪,https://news.qq.com/omn/author/8QMf33ZY5YEYvzne,,,
橘子娱乐,明星、影视,https://news.qq.com/omn/author/8QMc231a5I0YuTre?tab=om_article,,,
腾讯娱乐,明星、影视,https://news.qq.com/omn/author/8QIf3n5d6YIZsD%2FR4QY%3D?tab=om_index,,,
糊咖娱乐,明星、影视,https://news.qq.com/omn/author/8QMc2Xhe5Iwcvzjf?tab=om_article,,,
星寒新影视,明星、影视,https://news.qq.com/omn/author/8QMZ33la64cVvjc%3D?tab=om_article,,,
科普中国,科技、美食、动物、艺术、体育,https://news.qq.com/omn/author/8QMc13dZ7YcYvzze,,,
科普纪,科技、旅游,https://news.qq.com/omn/author/8QMf3HtV7IceuDbY?tab=om_index,,,
娱图社,明星穿搭、造型,https://mp.sohu.com/profile?xpt=598290&spm=smpc.ucenter.follow-author.2.1780848014455shHmJjq,,,
猫拾三,萌宠猫咪搞笑,https://mp.sohu.com/profile?xpt=120241240&spm=smpc.ucenter.follow-author.4.1780906733154BbersbD,,,
晴小娱,明星,https://www.toutiao.com/c/user/token/MS4wLjABAAAAjlxsC2QiwSy7IPBbQbFV2YObUyy0U5jlxgUfjtTSwCk/?source=tuwen_detail&entrance_gid=7504834115733848612&log_from=3566a2064fec7_1781024264708&tab=article,,,
中国国家地理景观,旅行,https://www.toutiao.com/c/user/token/MS4wLjABAAAAxP3Xf2O9AOATNlNU2i1aJaFR_0cB_POuRA078ENssJM/?source=mine_home,,,
中国新闻周刊,明星、旅行、科技、座驾、体育、美食、动物,https://news.qq.com/omn/author/8QMa335Y7IQYsDw%3D?tab=om_article,,,
蓉儿萌宠分享,萌宠搞笑,https://author.baidu.com/home?from=bjh_article&app_id=1731313368073612,,,
知乎日报,所有品类科普、资讯,https://www.zhihu.com/org/zhi-hu-ri-bao-51-41/posts,,,
奇趣魅丽坊,科技、艺术、旅行,https://mp.sohu.com/profile?xpt=OTkwNTAzODI0MDk3NjQ4NjQwQHNvaHUuY29t&spm=smpc.content.author.1.1781252770834J0LZ1mX,,,
科学旅行号,科技,https://www.toutiao.com/c/user/token/MS4wLjABAAAAASJI-L3-BMWxtw14QijUh-ArCWqQ1EXGp9PpkQPEsXckRtrA2DX3LlNTJd6cXc8p/?source=feed&log_from=1d7026c92e534_1781445105399,,,
奥德修斯号,科技,https://www.toutiao.com/c/user/token/MS4wLjABAAAARjbXdx0AcORzCELaOcR36ZT9-i4rQOYSq3ODe5ymty0/?source=author_home&tab=video,,,
脑洞太阳系,科技,https://www.toutiao.com/c/user/token/MS4wLjABAAAAh2KUACrP58h0J-L_XIrRa2FxM3qprbs0u_t-gANxmWY/?source=author_home&tab=video,,,
中国食品报官方平台,美食,https://news.qq.com/omn/author/8QMX3nZV64ccvDo%3D,,,
生命时报,美食、健康,https://news.qq.com/omn/author/8QMc3X1d7IwZvzve,,,
60	无穷小亮的科普日常,旅行、自然奇观、动物,B站 https://space.bilibili.com/14804670,,,
61	芳斯塔芙,旅行、古生物、地球演化,B站 https://space.bilibili.com/72270557,,,
62	汪品先院士,旅行、海洋、深海探索,B站 https://space.bilibili.com/3546584108800000,,,
63	星球研究所,旅行、地理、视觉大片,公众号 星球研究所,,,
64	地理新知局,旅行、地理冷知识,公众号 地理新知局,,,
65	地图帝,旅行、地图视角、历史地理,公众号 地图帝,,,
66	Atlas Obscura,旅行、全球隐藏奇观,https://www.atlasobscura.com,,,
67	NASA Earth Observatory,旅行、卫星影像、自然奇观,https://earthobservatory.nasa.gov,,,
